ISO3,Country,Residence Type,Service Type,Year,Coverage,Population,Service level
AFG,Afghanistan,total,Drinking water,2019,43.10084,16316306.71867,Basic service
AFG,Afghanistan,total,Drinking water,2019,4.32471,1637169.13341,Limited service
AFG,Afghanistan,total,Drinking water,2019,10.01678,3791964.36132,Surface water
AFG,Afghanistan,total,Drinking water,2019,26.72185,10115857.62016,Safely managed service
AFG,Afghanistan,total,Drinking water,2019,15.83581,5994822.59815,Unimproved
AGO,Angola,total,Drinking water,2019,64.15991,20772176.68897,At least basic
AGO,Angola,total,Drinking water,2019,10.63908,3444469.72014,Limited service
AGO,Angola,total,Drinking water,2019,12.18242,3944134.95337,Surface water
AGO,Angola,total,Drinking water,2019,13.01859,4214850.63752,Unimproved
ALB,Albania,total,Drinking water,2019,24.09237,695067.25718,Basic service
ALB,Albania,total,Drinking water,2019,2.21669,63951.65034,Limited service
ALB,Albania,total,Drinking water,2019,0,0,Surface water
ALB,Albania,total,Drinking water,2019,70.66585,2038716.95272,Safely managed service
ALB,Albania,total,Drinking water,2019,3.02509,87274.1339,Unimproved
AND,Andorra,total,Drinking water,2019,9.36,7157.96322,Basic service
AND,Andorra,total,Drinking water,2019,0,0,Limited service
AND,Andorra,total,Drinking water,2019,0,0,Surface water
AND,Andorra,total,Drinking water,2019,90.64,69316.03704,Safely managed service
AND,Andorra,total,Drinking water,2019,0,0,Unimproved
ARE,United Arab Emirates,total,Drinking water,2019,1.36955,128434.62682,Basic service
ARE,United Arab Emirates,total,Drinking water,2019,0,0,Limited service
ARE,United Arab Emirates,total,Drinking water,2019,0,0,Surface water
ARE,United Arab Emirates,total,Drinking water,2019,98.63044,9249412.17983,Safely managed service
ARE,United Arab Emirates,total,Drinking water,2019,0,0.19824,Unimproved
ARM,Armenia,total,Drinking water,2019,17.03126,494582.95281,Basic service
ARM,Armenia,total,Drinking water,2019,0,0,Limited service
ARM,Armenia,total,Drinking water,2019,0.45371,13175.52125,Surface water
ARM,Armenia,total,Drinking water,2019,82.42792,2393683.76096,Safely managed service
ARM,Armenia,total,Drinking water,2019,0.08711,2529.77172,Unimproved
ASM,American Samoa,total,Drinking water,2019,9.41505,4727.20079,Basic service
ASM,American Samoa,total,Drinking water,2019,0,0,Limited service
ASM,American Samoa,total,Drinking water,2019,0,0,Surface water
ASM,American Samoa,total,Drinking water,2019,90.09226,45234.42188,Safely managed service
ASM,American Samoa,total,Drinking water,2019,0.4927,247.37727,Unimproved
ATG,Antigua and Barbuda,total,Drinking water,2019,98.84362,90307.48215,At least basic
ATG,Antigua and Barbuda,total,Drinking water,2019,0,0,Limited service
ATG,Antigua and Barbuda,total,Drinking water,2019,0.21699,198.24803,Surface water
ATG,Antigua and Barbuda,total,Drinking water,2019,0.9394,858.26982,Unimproved
AUS,Australia,total,Drinking water,2019,99.96985,25475031.77842,At least basic
AUS,Australia,total,Drinking water,2019,0,0,Limited service
AUS,Australia,total,Drinking water,2019,0,0,Surface water
AUS,Australia,total,Drinking water,2019,0.03015,7682.22158,Unimproved
AUT,Austria,total,Drinking water,2019,1.09738,97456.73846,Basic service
AUT,Austria,total,Drinking water,2019,0,0,Limited service
AUT,Austria,total,Drinking water,2019,0,0,Surface water
AUT,Austria,total,Drinking water,2019,98.90262,8783419.24219,Safely managed service
AUT,Austria,total,Drinking water,2019,0,0.02344,Unimproved
AZE,Azerbaijan,total,Drinking water,2019,37.35415,3776681.88243,Basic service
AZE,Azerbaijan,total,Drinking water,2019,2.57876,260724.39773,Limited service
AZE,Azerbaijan,total,Drinking water,2019,1.00099,101204.8925,Surface water
AZE,Azerbaijan,total,Drinking water,2019,55.86468,5648185.00913,Safely managed service
AZE,Azerbaijan,total,Drinking water,2019,3.20142,323678.82209,Unimproved
BDI,Burundi,total,Drinking water,2019,63.75799,7813756.00881,At least basic
BDI,Burundi,total,Drinking water,2019,20.12618,2466530.49081,Limited service
BDI,Burundi,total,Drinking water,2019,3.60917,442316.24487,Surface water
BDI,Burundi,total,Drinking water,2019,12.50666,1532733.25551,Unimproved
BEL,Belgium,total,Drinking water,2019,0.38393,44116.24447,Basic service
BEL,Belgium,total,Drinking water,2019,0,0,Limited service
BEL,Belgium,total,Drinking water,2019,0,0,Surface water
BEL,Belgium,total,Drinking water,2019,99.61607,11446501.75486,Safely managed service
BEL,Belgium,total,Drinking water,2019,0,0,Unimproved
BEN,Benin,total,Drinking water,2019,51.05521,6497671.50588,Basic service
BEN,Benin,total,Drinking water,2019,7.47682,951557.03535,Limited service
BEN,Benin,total,Drinking water,2019,4.20955,535739.5207,Surface water
BEN,Benin,total,Drinking water,2019,16.92804,2154390.25845,Safely managed service
BEN,Benin,total,Drinking water,2019,20.33037,2587396.55928,Unimproved
BES,"Bonaire, Sint Eustatius and Saba",total,Drinking water,2019,1.45263,372.23578,Basic service
BES,"Bonaire, Sint Eustatius and Saba",total,Drinking water,2019,0,0,Limited service
BES,"Bonaire, Sint Eustatius and Saba",total,Drinking water,2019,0,0,Surface water
BES,"Bonaire, Sint Eustatius and Saba",total,Drinking water,2019,98.41613,25219.13233,Safely managed service
BES,"Bonaire, Sint Eustatius and Saba",total,Drinking water,2019,0.13125,33.63188,Unimproved
BFA,Burkina Faso,total,Drinking water,2019,50.69962,10627629.33091,At least basic
BFA,Burkina Faso,total,Drinking water,2019,28.09793,5889874.54018,Limited service
BFA,Burkina Faso,total,Drinking water,2019,0.91684,192188.24179,Surface water
BFA,Burkina Faso,total,Drinking water,2019,20.28561,4252259.88712,Unimproved
BGD,Bangladesh,total,Drinking water,2019,39.92265,65837667.02628,Basic service
BGD,Bangladesh,total,Drinking water,2019,0.87097,1436337.2106,Limited service
BGD,Bangladesh,total,Drinking water,2019,0.77766,1282462.86703,Surface water
BGD,Bangladesh,total,Drinking water,2019,58.18171,95949233.34387,Safely managed service
BGD,Bangladesh,total,Drinking water,2019,0.24701,407352.30622,Unimproved
BGR,Bulgaria,total,Drinking water,2019,2.65845,185439.23142,Basic service
BGR,Bulgaria,total,Drinking water,2019,0,0,Limited service
BGR,Bulgaria,total,Drinking water,2019,0,0,Surface water
BGR,Bulgaria,total,Drinking water,2019,96.61472,6739329.67193,Safely managed service
BGR,Bulgaria,total,Drinking water,2019,0.72683,50700.10477,Unimproved
BHR,Bahrain,total,Drinking water,2019,1.01594,15093.56289,Basic service
BHR,Bahrain,total,Drinking water,2019,0,0,Limited service
BHR,Bahrain,total,Drinking water,2019,0,0,Surface water
BHR,Bahrain,total,Drinking water,2019,98.90589,1469415.19798,Safely managed service
BHR,Bahrain,total,Drinking water,2019,0.07816,1161.23919,Unimproved
BHS,Bahamas,total,Drinking water,2019,98.94526,390512.2097,At least basic
BHS,Bahamas,total,Drinking water,2019,0,0,Limited service
BHS,Bahamas,total,Drinking water,2019,0,0,Surface water
BHS,Bahamas,total,Drinking water,2019,1.05474,4162.7903,Unimproved
BIH,Bosnia and Herzegovina,total,Drinking water,2019,7.40169,247625.90195,Basic service
BIH,Bosnia and Herzegovina,total,Drinking water,2019,3.81515,127637.02164,Limited service
BIH,Bosnia and Herzegovina,total,Drinking water,2019,0,0,Surface water
BIH,Bosnia and Herzegovina,total,Drinking water,2019,88.73679,2968718.46285,Safely managed service
BIH,Bosnia and Herzegovina,total,Drinking water,2019,0.04638,1551.62106,Unimproved
BLM,Saint Barthélemy,total,Drinking water,2019,0,0,Basic service
BLM,Saint Barthélemy,total,Drinking water,2019,0,0,Limited service
BLM,Saint Barthélemy,total,Drinking water,2019,0,0,Surface water
BLM,Saint Barthélemy,total,Drinking water,2019,100,10299,Safely managed service
BLM,Saint Barthélemy,total,Drinking water,2019,0,0,Unimproved
BLR,Belarus,total,Drinking water,2019,6.40045,603909.11709,Basic service
BLR,Belarus,total,Drinking water,2019,0.63027,59469.03141,Limited service
BLR,Belarus,total,Drinking water,2019,0,0,Surface water
BLR,Belarus,total,Drinking water,2019,92.77456,8753668.66771,Safely managed service
BLR,Belarus,total,Drinking water,2019,0.19471,18372.16908,Unimproved
BLZ,Belize,total,Drinking water,2019,94.13162,363187.08638,At least basic
BLZ,Belize,total,Drinking water,2019,1.191,4595.2258,Limited service
BLZ,Belize,total,Drinking water,2019,0,0,Surface water
BLZ,Belize,total,Drinking water,2019,4.67738,18046.68783,Unimproved
BMU,Bermuda,total,Drinking water,2019,100,64107,At least basic
BMU,Bermuda,total,Drinking water,2019,0,0,Limited service
BMU,Bermuda,total,Drinking water,2019,0,0,Surface water
BMU,Bermuda,total,Drinking water,2019,0,0,Unimproved
BOL,Bolivia (Plurinational State of),total,Drinking water,2019,91.22905,10647694.78223,At least basic
BOL,Bolivia (Plurinational State of),total,Drinking water,2019,0.13172,15373.19457,Limited service
BOL,Bolivia (Plurinational State of),total,Drinking water,2019,6.00615,701001.49609,Surface water
BOL,Bolivia (Plurinational State of),total,Drinking water,2019,2.63308,307316.52711,Unimproved
BRA,Brazil,total,Drinking water,2019,13.76165,28549294.35074,Basic service
BRA,Brazil,total,Drinking water,2019,0.39047,810050.00123,Limited service
BRA,Brazil,total,Drinking water,2019,85.01148,176360964.48266,Safely managed service
BRA,Brazil,total,Drinking water,2019,0.8364,1735150.17075,Unimproved
BRB,Barbados,total,Drinking water,2019,98.97236,278317.21079,At least basic
BRB,Barbados,total,Drinking water,2019,0.26884,756.00935,Limited service
BRB,Barbados,total,Drinking water,2019,0,0,Surface water
BRB,Barbados,total,Drinking water,2019,0.75879,2133.77985,Unimproved
BRN,Brunei Darussalam,total,Drinking water,2019,99.90009,442237.71629,At least basic
BRN,Brunei Darussalam,total,Drinking water,2019,0,0,Limited service
BRN,Brunei Darussalam,total,Drinking water,2019,0.09991,442.28371,Surface water
BRN,Brunei Darussalam,total,Drinking water,2019,0,0,Unimproved
BTN,Bhutan,total,Drinking water,2019,38.37115,293471.80087,Basic service
BTN,Bhutan,total,Drinking water,2019,0.85745,6557.98091,Limited service
BTN,Bhutan,total,Drinking water,2019,0.0566,432.89931,Surface water
BTN,Bhutan,total,Drinking water,2019,60.59223,463423.89804,Safely managed service
BTN,Bhutan,total,Drinking water,2019,0.12257,937.43526,Unimproved
BWA,Botswana,total,Drinking water,2019,25.11199,585632.44917,Basic service
BWA,Botswana,total,Drinking water,2019,4.74957,110763.99175,Limited service
BWA,Botswana,total,Drinking water,2019,0.77051,17969.00197,Surface water
BWA,Botswana,total,Drinking water,2019,66.36296,1547639.26237,Safely managed service
BWA,Botswana,total,Drinking water,2019,3.00497,70078.29478,Unimproved
CAF,Central African Republic,total,Drinking water,2019,31.92856,1578772.28826,Basic service
CAF,Central African Republic,total,Drinking water,2019,24.80869,1226716.09306,Limited service
CAF,Central African Republic,total,Drinking water,2019,3.72826,184351.56414,Surface water
CAF,Central African Republic,total,Drinking water,2019,6.28371,310710.83909,Safely managed service
CAF,Central African Republic,total,Drinking water,2019,33.25078,1644152.25988,Unimproved
CAN,Canada,total,Drinking water,2019,1.20931,456913.46252,Basic service
CAN,Canada,total,Drinking water,2019,0,0,Limited service
CAN,Canada,total,Drinking water,2019,0,0,Surface water
CAN,Canada,total,Drinking water,2019,97.35387,36783148.12348,Safely managed service
CAN,Canada,total,Drinking water,2019,1.43682,542873.42474,Unimproved
CHE,Switzerland,total,Drinking water,2019,3.3,283058.28791,Basic service
CHE,Switzerland,total,Drinking water,2019,0,0,Limited service
CHE,Switzerland,total,Drinking water,2019,0,0,Surface water
CHE,Switzerland,total,Drinking water,2019,96.7,8294465.63623,Safely managed service
CHE,Switzerland,total,Drinking water,2019,0,0.07422,Unimproved
CHL,Chile,total,Drinking water,2019,1.25751,241413.67768,Basic service
CHL,Chile,total,Drinking water,2019,0,0,Limited service
CHL,Chile,total,Drinking water,2019,1.00991,193879.82698,Surface water
CHL,Chile,total,Drinking water,2019,97.3067,18680692.0164,Safely managed service
CHL,Chile,total,Drinking water,2019,0.42588,81758.47779,Unimproved
CHN,China,total,Drinking water,2019,93.5327,1353600084.24388,At least basic
CHN,China,total,Drinking water,2019,1.0733,15532781.55867,Limited service
CHN,China,total,Drinking water,2019,0.21675,3136786.45006,Surface water
CHN,China,total,Drinking water,2019,5.17725,74924842.74739,Unimproved
CIV,Côte d’Ivoire,total,Drinking water,2019,37.2086,10490222.6149,Basic service
CIV,Côte d’Ivoire,total,Drinking water,2019,7.30836,2060445.67439,Limited service
CIV,Côte d’Ivoire,total,Drinking water,2019,3.561,1003952.28865,Surface water
CIV,Côte d’Ivoire,total,Drinking water,2019,38.44042,10837511.85601,Safely managed service
CIV,Côte d’Ivoire,total,Drinking water,2019,13.48163,3800876.44971,Unimproved
CMR,Cameroon,total,Drinking water,2019,68.79108,17545918.64771,At least basic
CMR,Cameroon,total,Drinking water,2019,13.251,3379812.86479,Limited service
CMR,Cameroon,total,Drinking water,2019,5.34563,1363462.03142,Surface water
CMR,Cameroon,total,Drinking water,2019,12.61229,3216901.45608,Unimproved
COD,Democratic Republic of the Congo,total,Drinking water,2019,24.38851,22668492.40922,Basic service
COD,Democratic Republic of the Congo,total,Drinking water,2019,21.32572,19821713.38379,Limited service
COD,Democratic Republic of the Congo,total,Drinking water,2019,8.50581,7905937.2226,Surface water
COD,Democratic Republic of the Congo,total,Drinking water,2019,11.29939,10502492.49484,Safely managed service
COD,Democratic Republic of the Congo,total,Drinking water,2019,34.48057,32048806.78827,Unimproved
COG,Congo,total,Drinking water,2019,27.5891,1549585.99918,Basic service
COG,Congo,total,Drinking water,2019,10.34657,581131.83547,Limited service
COG,Congo,total,Drinking water,2019,6.28282,352884.7076,Surface water
COG,Congo,total,Drinking water,2019,45.50899,2556085.41523,Safely managed service
COG,Congo,total,Drinking water,2019,10.27253,576973.03412,Unimproved
COK,Cook Islands,total,Drinking water,2019,99.72844,16085.20025,At least basic
COK,Cook Islands,total,Drinking water,2019,0,0,Limited service
COK,Cook Islands,total,Drinking water,2019,0,0,Surface water
COK,Cook Islands,total,Drinking water,2019,0.27156,43.79975,Unimproved
COL,Colombia,total,Drinking water,2019,22.90934,11433591.82712,Basic service
COL,Colombia,total,Drinking water,2019,0.17344,86562.40404,Limited service
COL,Colombia,total,Drinking water,2019,73.16924,36517292.61412,Safely managed service
COL,Colombia,total,Drinking water,2019,3.74797,1870537.76783,Unimproved
COM,Comoros,total,Drinking water,2019,85.58265,673174.33294,At least basic
COM,Comoros,total,Drinking water,2019,9.3913,73869.91268,Limited service
COM,Comoros,total,Drinking water,2019,0.69013,5428.39777,Surface water
COM,Comoros,total,Drinking water,2019,4.33592,34105.35661,Unimproved
CPV,Cabo Verde,total,Drinking water,2019,87.80857,451427.36486,At least basic
CPV,Cabo Verde,total,Drinking water,2019,9.03556,46452.15365,Limited service
CPV,Cabo Verde,total,Drinking water,2019,0.06155,316.42026,Surface water
CPV,Cabo Verde,total,Drinking water,2019,3.09433,15908.06123,Unimproved
CRI,Costa Rica,total,Drinking water,2019,19.27685,963756.1291,Basic service
CRI,Costa Rica,total,Drinking water,2019,0.20247,10122.6693,Limited service
CRI,Costa Rica,total,Drinking water,2019,0,0,Surface water
CRI,Costa Rica,total,Drinking water,2019,80.52068,4025674.22164,Safely managed service
CRI,Costa Rica,total,Drinking water,2019,0,0.02148,Unimproved
CUB,Cuba,total,Drinking water,2019,94.13217,10545481.8664,At least basic
CUB,Cuba,total,Drinking water,2019,3.09156,346343.23101,Limited service
CUB,Cuba,total,Drinking water,2019,0.2953,33082.22624,Surface water
CUB,Cuba,total,Drinking water,2019,2.48096,277938.67635,Unimproved
CUW,Curaçao,total,Drinking water,2019,100,189543,At least basic
CUW,Curaçao,total,Drinking water,2019,0,0,Limited service
CUW,Curaçao,total,Drinking water,2019,0,0,Surface water
CUW,Curaçao,total,Drinking water,2019,0,0,Unimproved
CYM,Cayman Islands,total,Drinking water,2019,95.61104,64372.04688,At least basic
CYM,Cayman Islands,total,Drinking water,2019,0,0,Limited service
CYM,Cayman Islands,total,Drinking water,2019,0.01,6.7327,Surface water
CYM,Cayman Islands,total,Drinking water,2019,4.37896,2948.22042,Unimproved
CYP,Cyprus,total,Drinking water,2019,0.31601,4066.03201,Basic service
CYP,Cyprus,total,Drinking water,2019,0,0,Limited service
CYP,Cyprus,total,Drinking water,2019,0.03801,489.06666,Surface water
CYP,Cyprus,total,Drinking water,2019,99.4377,1279436.03041,Safely managed service
CYP,Cyprus,total,Drinking water,2019,0.20828,2679.87092,Unimproved
CZE,Czechia,total,Drinking water,2019,0.58283,61517.38185,Basic service
CZE,Czechia,total,Drinking water,2019,1.19179,125792.13821,Limited service
CZE,Czechia,total,Drinking water,2019,0.04714,4975.04882,Surface water
CZE,Czechia,total,Drinking water,2019,98.14893,10359497.30017,Safely managed service
CZE,Czechia,total,Drinking water,2019,0.02931,3093.13309,Unimproved
DEU,Germany,total,Drinking water,2019,0.09066,75750.65396,Basic service
DEU,Germany,total,Drinking water,2019,0,0,Limited service
DEU,Germany,total,Drinking water,2019,0,0,Surface water
DEU,Germany,total,Drinking water,2019,99.90934,83483434.89409,Safely managed service
DEU,Germany,total,Drinking water,2019,0,0.45312,Unimproved
DJI,Djibouti,total,Drinking water,2019,78.50038,854640.69328,At least basic
DJI,Djibouti,total,Drinking water,2019,15.40821,167750.55409,Limited service
DJI,Djibouti,total,Drinking water,2019,0.49746,5415.88256,Surface water
DJI,Djibouti,total,Drinking water,2019,5.59395,60901.87007,Unimproved
DMA,Dominica,total,Drinking water,2019,96.46754,65482.16286,At least basic
DMA,Dominica,total,Drinking water,2019,0,0,Limited service
DMA,Dominica,total,Drinking water,2019,2.1471,1457.4488,Surface water
DMA,Dominica,total,Drinking water,2019,1.38537,940.38834,Unimproved
DNK,Denmark,total,Drinking water,2019,0.22502,13083.83978,Basic service
DNK,Denmark,total,Drinking water,2019,0,0,Limited service
DNK,Denmark,total,Drinking water,2019,0,0,Surface water
DNK,Denmark,total,Drinking water,2019,99.77498,5801534.0191,Safely managed service
DNK,Denmark,total,Drinking water,2019,0,0.14111,Unimproved
DOM,Dominican Republic,total,Drinking water,2019,51.79969,5643080.11375,Basic service
DOM,Dominican Republic,total,Drinking water,2019,0.91323,99488.16282,Limited service
DOM,Dominican Republic,total,Drinking water,2019,0.74432,81086.90004,Surface water
DOM,Dominican Republic,total,Drinking water,2019,44.9262,4894279.96562,Safely managed service
DOM,Dominican Republic,total,Drinking water,2019,1.61655,176107.86247,Unimproved
DZA,Algeria,total,Drinking water,2019,19.78101,8564097.50683,Basic service
DZA,Algeria,total,Drinking water,2019,4.85316,2101152.50368,Limited service
DZA,Algeria,total,Drinking water,2019,1.93283,836807.99981,Surface water
DZA,Algeria,total,Drinking water,2019,72.21879,31266799.18421,Safely managed service
DZA,Algeria,total,Drinking water,2019,1.21422,525689.0646,Unimproved
ECU,Ecuador,total,Drinking water,2019,22.63907,3925619.91152,Basic service
ECU,Ecuador,total,Drinking water,2019,3.05513,529760.68187,Limited service
ECU,Ecuador,total,Drinking water,2019,3.09466,536614.63744,Surface water
ECU,Ecuador,total,Drinking water,2019,68.56562,11889292.38214,Safely managed service
ECU,Ecuador,total,Drinking water,2019,2.64552,458733.25368,Unimproved
EGY,Egypt,total,Drinking water,2019,21.67126,23308123.35369,Basic service
EGY,Egypt,total,Drinking water,2019,0.70196,754984.51299,Limited service
EGY,Egypt,total,Drinking water,2019,0.01481,15929.66197,Surface water
EGY,Egypt,total,Drinking water,2019,75.9691,81707160.98086,Safely managed service
EGY,Egypt,total,Drinking water,2019,1.64287,1766959.09441,Unimproved
ESP,Spain,total,Drinking water,2019,0.38863,184344.95548,Basic service
ESP,Spain,total,Drinking water,2019,0,0,Limited service
ESP,Spain,total,Drinking water,2019,0,0,Surface water
ESP,Spain,total,Drinking water,2019,99.53721,47215592.48471,Safely managed service
ESP,Spain,total,Drinking water,2019,0.07417,35181.56627,Unimproved
EST,Estonia,total,Drinking water,2019,1.89343,25122.41567,Basic service
EST,Estonia,total,Drinking water,2019,0,0,Limited service
EST,Estonia,total,Drinking water,2019,0,0,Surface water
EST,Estonia,total,Drinking water,2019,98.07805,1301321.13734,Safely managed service
EST,Estonia,total,Drinking water,2019,0.02852,378.44757,Unimproved
ETH,Ethiopia,total,Drinking water,2019,36.6207,42383845.19909,Basic service
ETH,Ethiopia,total,Drinking water,2019,23.86155,27616736.83744,Limited service
ETH,Ethiopia,total,Drinking water,2019,9.10047,10532650.28947,Surface water
ETH,Ethiopia,total,Drinking water,2019,11.52577,13339626.99703,Safely managed service
ETH,Ethiopia,total,Drinking water,2019,18.8915,21864524.15407,Unimproved
FIN,Finland,total,Drinking water,2019,0.36385,20090.91998,Basic service
FIN,Finland,total,Drinking water,2019,0,0,Limited service
FIN,Finland,total,Drinking water,2019,0,0,Surface water
FIN,Finland,total,Drinking water,2019,99.63615,5501667.9306,Safely managed service
FIN,Finland,total,Drinking water,2019,0,0.1499,Unimproved
FJI,Fiji,total,Drinking water,2019,53.90045,493134.69323,Basic service
FJI,Fiji,total,Drinking water,2019,0.7644,6993.45437,Limited service
FJI,Fiji,total,Drinking water,2019,1.89518,17338.98225,Surface water
FJI,Fiji,total,Drinking water,2019,41.48286,379526.31687,Safely managed service
FJI,Fiji,total,Drinking water,2019,1.95711,17905.55611,Unimproved
FLK,Falkland Islands (Malvinas),total,Drinking water,2019,95.21725,3348.7908,At least basic
FLK,Falkland Islands (Malvinas),total,Drinking water,2019,0,0,Limited service
FLK,Falkland Islands (Malvinas),total,Drinking water,2019,0,0,Surface water
FLK,Falkland Islands (Malvinas),total,Drinking water,2019,4.78275,168.2092,Unimproved
FRA,France,total,Drinking water,2019,0.62426,410323.90157,Basic service
FRA,France,total,Drinking water,2019,0,0,Limited service
FRA,France,total,Drinking water,2019,0,0,Surface water
FRA,France,total,Drinking water,2019,99.37574,65319135.10818,Safely managed service
FRA,France,total,Drinking water,2019,0,0,Unimproved
FRO,Faroe Islands,total,Drinking water,2019,100,51842,At least basic
FRO,Faroe Islands,total,Drinking water,2019,0,0,Limited service
FRO,Faroe Islands,total,Drinking water,2019,0,0,Surface water
FRO,Faroe Islands,total,Drinking water,2019,0,0,Unimproved
FSM,Micronesia (Federated States of),total,Drinking water,2019,89.88195,99123.61668,At least basic
FSM,Micronesia (Federated States of),total,Drinking water,2019,0,0,Limited service
FSM,Micronesia (Federated States of),total,Drinking water,2019,10.11805,11158.38332,Unimproved
GAB,Gabon,total,Drinking water,2019,87.47285,1983626.99004,At least basic
GAB,Gabon,total,Drinking water,2019,5.64566,128026.90733,Limited service
GAB,Gabon,total,Drinking water,2019,2.99997,68030.41755,Surface water
GAB,Gabon,total,Drinking water,2019,3.88153,88021.68508,Unimproved
GBR,United Kingdom of Great Britain and Northern Ireland,total,Drinking water,2019,0.13196,88560.08326,Basic service
GBR,United Kingdom of Great Britain and Northern Ireland,total,Drinking water,2019,0,0,Limited service
GBR,United Kingdom of Great Britain and Northern Ireland,total,Drinking water,2019,0,0,Surface water
GBR,United Kingdom of Great Britain and Northern Ireland,total,Drinking water,2019,99.86804,67022397.9123,Safely managed service
GBR,United Kingdom of Great Britain and Northern Ireland,total,Drinking water,2019,0,0,Unimproved
GEO,Georgia,total,Drinking water,2019,27.5302,1045245.12401,Basic service
GEO,Georgia,total,Drinking water,2019,1.02816,39036.30059,Limited service
GEO,Georgia,total,Drinking water,2019,0.0255,967.9864,Surface water
GEO,Georgia,total,Drinking water,2019,69.08254,2622871.8973,Safely managed service
GEO,Georgia,total,Drinking water,2019,2.33361,88600.72165,Unimproved
GHA,Ghana,total,Drinking water,2019,48.69625,15221934.29075,Basic service
GHA,Ghana,total,Drinking water,2019,6.17414,1929969.85228,Limited service
GHA,Ghana,total,Drinking water,2019,6.41914,2006555.89482,Surface water
GHA,Ghana,total,Drinking water,2019,36.07336,11276152.96173,Safely managed service
GHA,Ghana,total,Drinking water,2019,2.63711,824331.91436,Unimproved
GIB,Gibraltar,total,Drinking water,2019,0,0,Basic service
GIB,Gibraltar,total,Drinking water,2019,0,0,Limited service
GIB,Gibraltar,total,Drinking water,2019,0,0,Surface water
GIB,Gibraltar,total,Drinking water,2019,100,35494,Safely managed service
GIB,Gibraltar,total,Drinking water,2019,0,0,Unimproved
GIN,Guinea,total,Drinking water,2019,68.16513,8884878.9139,At least basic
GIN,Guinea,total,Drinking water,2019,13.4696,1755673.87217,Limited service
GIN,Guinea,total,Drinking water,2019,8.24251,1074357.90245,Surface water
GIN,Guinea,total,Drinking water,2019,10.12276,1319435.31148,Unimproved
GLP,Guadeloupe,total,Drinking water,2019,2.6888,11030.9867,Basic service
GLP,Guadeloupe,total,Drinking water,2019,0,0,Limited service
GLP,Guadeloupe,total,Drinking water,2019,0,0,Surface water
GLP,Guadeloupe,total,Drinking water,2019,97.06872,398231.21676,Safely managed service
GLP,Guadeloupe,total,Drinking water,2019,0.24248,994.79675,Unimproved
GMB,Gambia,total,Drinking water,2019,40.16056,986682.32366,Basic service
GMB,Gambia,total,Drinking water,2019,6.72454,165211.41723,Limited service
GMB,Gambia,total,Drinking water,2019,0.04145,1018.24482,Surface water
GMB,Gambia,total,Drinking water,2019,44.27564,1087783.29301,Safely managed service
GMB,Gambia,total,Drinking water,2019,8.79782,216148.75472,Unimproved
GNB,Guinea-Bissau,total,Drinking water,2019,38.06166,748937.77644,Basic service
GNB,Guinea-Bissau,total,Drinking water,2019,13.35902,262864.92846,Limited service
GNB,Guinea-Bissau,total,Drinking water,2019,1.05169,20694.11464,Surface water
GNB,Guinea-Bissau,total,Drinking water,2019,23.17617,456036.52182,Safely managed service
GNB,Guinea-Bissau,total,Drinking water,2019,24.35146,479162.66316,Unimproved
GRC,Greece,total,Drinking water,2019,2.3355,250331.98491,Basic service
GRC,Greece,total,Drinking water,2019,0,0,Limited service
GRC,Greece,total,Drinking water,2019,0,0,Surface water
GRC,Greece,total,Drinking water,2019,97.6645,10468243.70542,Safely managed service
GRC,Greece,total,Drinking water,2019,0,0.31641,Unimproved
GRL,Greenland,total,Drinking water,2019,100,56084,At least basic
GRL,Greenland,total,Drinking water,2019,0,0,Limited service
GRL,Greenland,total,Drinking water,2019,0,0,Surface water
GRL,Greenland,total,Drinking water,2019,0,0,Unimproved
GTM,Guatemala,total,Drinking water,2019,42.90306,7338055.01954,Basic service
GTM,Guatemala,total,Drinking water,2019,1.35497,231751.17819,Limited service
GTM,Guatemala,total,Drinking water,2019,1.81633,310660.70584,Surface water
GTM,Guatemala,total,Drinking water,2019,49.18799,8413016.92538,Safely managed service
GTM,Guatemala,total,Drinking water,2019,4.73765,810318.89853,Unimproved
GUF,French Guiana,total,Drinking water,2019,2.85972,8166.4554,Basic service
GUF,French Guiana,total,Drinking water,2019,0,0,Limited service
GUF,French Guiana,total,Drinking water,2019,0,0,Surface water
GUF,French Guiana,total,Drinking water,2019,91.48463,261250.82634,Safely managed service
GUF,French Guiana,total,Drinking water,2019,5.65565,16150.71821,Unimproved
GUM,Guam,total,Drinking water,2019,1.06596,1724.80844,Basic service
GUM,Guam,total,Drinking water,2019,0,0,Limited service
GUM,Guam,total,Drinking water,2019,0,0,Surface water
GUM,Guam,total,Drinking water,2019,98.45574,159309.26291,Safely managed service
GUM,Guam,total,Drinking water,2019,0.4783,773.92866,Unimproved
GUY,Guyana,total,Drinking water,2019,28.29751,228549.08533,Basic service
GUY,Guyana,total,Drinking water,2019,2.37338,19168.98286,Limited service
GUY,Guyana,total,Drinking water,2019,1.32561,10706.45908,Surface water
GUY,Guyana,total,Drinking water,2019,66.4562,536743.43349,Safely managed service
GUY,Guyana,total,Drinking water,2019,1.5473,12497.03482,Unimproved
HKG,"China, Hong Kong SAR",total,Drinking water,2019,0.01224,916.53221,Basic service
HKG,"China, Hong Kong SAR",total,Drinking water,2019,0,0,Limited service
HKG,"China, Hong Kong SAR",total,Drinking water,2019,0,0,Surface water
HKG,"China, Hong Kong SAR",total,Drinking water,2019,99.98776,7484896.46783,Safely managed service
HKG,"China, Hong Kong SAR",total,Drinking water,2019,0,0,Unimproved
HND,Honduras,total,Drinking water,2019,30.35174,3018065.43346,Basic service
HND,Honduras,total,Drinking water,2019,0.95145,94608.97559,Limited service
HND,Honduras,total,Drinking water,2019,0.39059,38839.02774,Surface water
HND,Honduras,total,Drinking water,2019,63.60926,6325071.78495,Safely managed service
HND,Honduras,total,Drinking water,2019,4.69695,467047.81119,Unimproved
HRV,Croatia,total,Drinking water,2019,13.01561,518845.67642,Basic service
HRV,Croatia,total,Drinking water,2019,0,0,Limited service
HRV,Croatia,total,Drinking water,2019,86.8861,3463570.22285,Safely managed service
HRV,Croatia,total,Drinking water,2019,0.09829,3918.0947,Unimproved
HTI,Haiti,total,Drinking water,2019,69.73601,7744297.43498,At least basic
HTI,Haiti,total,Drinking water,2019,10.92249,1212960.40267,Limited service
HTI,Haiti,total,Drinking water,2019,3.23193,358911.44158,Surface water
HTI,Haiti,total,Drinking water,2019,16.10957,1788993.72076,Unimproved
HUN,Hungary,total,Drinking water,2019,3.63274,354930.85001,Basic service
HUN,Hungary,total,Drinking water,2019,0,0,Limited service
HUN,Hungary,total,Drinking water,2019,0.02836,2770.479,Surface water
HUN,Hungary,total,Drinking water,2019,95.84522,9364409.26995,Safely managed service
HUN,Hungary,total,Drinking water,2019,0.49369,48235.39016,Unimproved
IDN,Indonesia,total,Drinking water,2019,59.26678,161495694.68035,Basic service
IDN,Indonesia,total,Drinking water,2019,4.09771,11165815.81156,Limited service
IDN,Indonesia,total,Drinking water,2019,1.16964,3187152.68033,Surface water
IDN,Indonesia,total,Drinking water,2019,29.48711,80349240.14036,Safely managed service
IDN,Indonesia,total,Drinking water,2019,5.97876,16291477.09652,Unimproved
IMN,Isle of Man,total,Drinking water,2019,0.78398,658.2058,Basic service
IMN,Isle of Man,total,Drinking water,2019,0,0,Limited service
IMN,Isle of Man,total,Drinking water,2019,0,0,Surface water
IMN,Isle of Man,total,Drinking water,2019,98.69061,82857.6726,Safely managed service
IMN,Isle of Man,total,Drinking water,2019,0.52541,441.12159,Unimproved
IND,India,total,Drinking water,2019,24.49842,340290436.70995,Basic service
IND,India,total,Drinking water,2019,2.95988,41113635.70264,Limited service
IND,India,total,Drinking water,2019,0.58302,8098274.03748,Surface water
IND,India,total,Drinking water,2019,67.93337,943615055.62538,Safely managed service
IND,India,total,Drinking water,2019,4.02532,55912920.94445,Unimproved
IRL,Ireland,total,Drinking water,2019,3.32483,164030.40326,Basic service
IRL,Ireland,total,Drinking water,2019,0,0,Limited service
IRL,Ireland,total,Drinking water,2019,0,0,Surface water
IRL,Ireland,total,Drinking water,2019,93.68722,4622050.54249,Safely managed service
IRL,Ireland,total,Drinking water,2019,2.98795,147410.05079,Unimproved
IRN,Iran (Islamic Republic of),total,Drinking water,2019,3.50758,3053402.91062,Basic service
IRN,Iran (Islamic Republic of),total,Drinking water,2019,1.94622,1694219.23631,Limited service
IRN,Iran (Islamic Republic of),total,Drinking water,2019,0.07087,61696.19769,Surface water
IRN,Iran (Islamic Republic of),total,Drinking water,2019,93.76661,81625377.7248,Safely managed service
IRN,Iran (Islamic Republic of),total,Drinking water,2019,0.70872,616951.88098,Unimproved
IRQ,Iraq,total,Drinking water,2019,38.42215,15826919.16044,Basic service
IRQ,Iraq,total,Drinking water,2019,0.93113,383553.37074,Limited service
IRQ,Iraq,total,Drinking water,2019,1.17009,481986.34817,Surface water
IRQ,Iraq,total,Drinking water,2019,59.35663,24450284.44131,Safely managed service
IRQ,Iraq,total,Drinking water,2019,0.11999,49427.48776,Unimproved
ISL,Iceland,total,Drinking water,2019,0,0,Basic service
ISL,Iceland,total,Drinking water,2019,0,0,Limited service
ISL,Iceland,total,Drinking water,2019,0,0,Surface water
ISL,Iceland,total,Drinking water,2019,100,360699.98932,Safely managed service
ISL,Iceland,total,Drinking water,2019,0,0.01068,Unimproved
ISR,Israel,total,Drinking water,2019,0.47253,40908.85291,Basic service
ISR,Israel,total,Drinking water,2019,0,0,Limited service
ISR,Israel,total,Drinking water,2019,0,0,Surface water
ISR,Israel,total,Drinking water,2019,99.52747,8616565.14777,Safely managed service
ISR,Israel,total,Drinking water,2019,0,0,Unimproved
ITA,Italy,total,Drinking water,2019,3.40111,2045093.31899,Basic service
ITA,Italy,total,Drinking water,2019,0,0,Limited service
ITA,Italy,total,Drinking water,2019,0,0,Surface water
ITA,Italy,total,Drinking water,2019,96.51592,58035155.22007,Safely managed service
ITA,Italy,total,Drinking water,2019,0.08297,49887.52408,Unimproved
JAM,Jamaica,total,Drinking water,2019,89.22772,2519140.28472,At least basic
JAM,Jamaica,total,Drinking water,2019,8.02179,226476.76099,Limited service
JAM,Jamaica,total,Drinking water,2019,1.10192,31110.10035,Surface water
JAM,Jamaica,total,Drinking water,2019,1.64858,46543.85394,Unimproved
JEY,Jersey,total,Drinking water,2019,5.40087,5555.12065,Basic service
JEY,Jersey,total,Drinking water,2019,0,0,Limited service
JEY,Jersey,total,Drinking water,2019,0,0,Surface water
JEY,Jersey,total,Drinking water,2019,92.57413,95218.04522,Safely managed service
JEY,Jersey,total,Drinking water,2019,2.025,2082.834,Unimproved
JOR,Jordan,total,Drinking water,2019,19.30896,2060631.56737,Basic service
JOR,Jordan,total,Drinking water,2019,0.1441,15377.7659,Limited service
JOR,Jordan,total,Drinking water,2019,0.05979,6380.49498,Surface water
JOR,Jordan,total,Drinking water,2019,79.83304,8519694.68133,Safely managed service
JOR,Jordan,total,Drinking water,2019,0.65412,69806.53657,Unimproved
JPN,Japan,total,Drinking water,2019,0.49736,630147.37294,Basic service
JPN,Japan,total,Drinking water,2019,0,0,Limited service
JPN,Japan,total,Drinking water,2019,0,0,Surface water
JPN,Japan,total,Drinking water,2019,98.54612,124857361.65614,Safely managed service
JPN,Japan,total,Drinking water,2019,0.95653,1211914.98937,Unimproved
KAZ,Kazakhstan,total,Drinking water,2019,6.2155,1193970.41717,Basic service
KAZ,Kazakhstan,total,Drinking water,2019,1.9653,377525.93576,Limited service
KAZ,Kazakhstan,total,Drinking water,2019,0.07789,14961.93911,Surface water
KAZ,Kazakhstan,total,Drinking water,2019,90.39898,17365241.75948,Safely managed service
KAZ,Kazakhstan,total,Drinking water,2019,1.34233,257854.97815,Unimproved
KEN,Kenya,total,Drinking water,2019,61.49076,31485009.44018,At least basic
KEN,Kenya,total,Drinking water,2019,8.47116,4337473.71714,Limited service
KEN,Kenya,total,Drinking water,2019,21.22034,10865414.99966,Surface water
KEN,Kenya,total,Drinking water,2019,8.81773,4514928.84302,Unimproved
KGZ,Kyrgyzstan,total,Drinking water,2019,17.06613,1108280.18713,Basic service
KGZ,Kyrgyzstan,total,Drinking water,2019,2.11648,137444.83162,Limited service
KGZ,Kyrgyzstan,total,Drinking water,2019,4.17987,271442.24329,Surface water
KGZ,Kyrgyzstan,total,Drinking water,2019,74.97777,4869082.82583,Safely managed service
KGZ,Kyrgyzstan,total,Drinking water,2019,1.65975,107784.88661,Unimproved
KHM,Cambodia,total,Drinking water,2019,50.39574,8305875.82506,Basic service
KHM,Cambodia,total,Drinking water,2019,6.63533,1093589.13625,Limited service
KHM,Cambodia,total,Drinking water,2019,9.7056,1599609.21187,Surface water
KHM,Cambodia,total,Drinking water,2019,27.11748,4469314.13313,Safely managed service
KHM,Cambodia,total,Drinking water,2019,6.14585,1012915.4493,Unimproved
KIR,Kiribati,total,Drinking water,2019,61.73609,76503.97736,Basic service
KIR,Kiribati,total,Drinking water,2019,3.62169,4488.03291,Limited service
KIR,Kiribati,total,Drinking water,2019,0,0,Surface water
KIR,Kiribati,total,Drinking water,2019,14.07614,17443.29614,Safely managed service
KIR,Kiribati,total,Drinking water,2019,20.56608,25485.69466,Unimproved
KOR,Republic of Korea,total,Drinking water,2019,0.80102,414670.44332,Basic service
KOR,Republic of Korea,total,Drinking water,2019,0,0,Limited service
KOR,Republic of Korea,total,Drinking water,2019,0,0,Surface water
KOR,Republic of Korea,total,Drinking water,2019,98.89322,51194890.35008,Safely managed service
KOR,Republic of Korea,total,Drinking water,2019,0.30576,158285.21451,Unimproved
KWT,Kuwait,total,Drinking water,2019,0,0,Basic service
KWT,Kuwait,total,Drinking water,2019,0,0,Limited service
KWT,Kuwait,total,Drinking water,2019,0,0,Surface water
KWT,Kuwait,total,Drinking water,2019,100,4442194,Safely managed service
KWT,Kuwait,total,Drinking water,2019,0,0,Unimproved
LAO,Lao People's Democratic Republic,total,Drinking water,2019,62.37187,4514248.78191,Basic service
LAO,Lao People's Democratic Republic,total,Drinking water,2019,3.50232,253485.33104,Limited service
LAO,Lao People's Democratic Republic,total,Drinking water,2019,3.63825,263323.6395,Surface water
LAO,Lao People's Democratic Republic,total,Drinking water,2019,21.50634,1556550.87853,Safely managed service
LAO,Lao People's Democratic Republic,total,Drinking water,2019,8.98121,650027.36554,Unimproved
LBN,Lebanon,total,Drinking water,2019,44.9,2601772.79442,Basic service
LBN,Lebanon,total,Drinking water,2019,7.4,428799.956,Limited service
LBN,Lebanon,total,Drinking water,2019,0,0,Surface water
LBN,Lebanon,total,Drinking water,2019,47.7,2764021.338,Safely managed service
LBN,Lebanon,total,Drinking water,2019,0,0,Unimproved
LBR,Liberia,total,Drinking water,2019,75.51833,3808933.66215,At least basic
LBR,Liberia,total,Drinking water,2019,7.5912,382879.17811,Limited service
LBR,Liberia,total,Drinking water,2019,10.35087,522069.24036,Surface water
LBR,Liberia,total,Drinking water,2019,6.53959,329838.91938,Unimproved
LBY,Libya,total,Drinking water,2019,94.98984,6602774.96274,At least basic
LBY,Libya,total,Drinking water,2019,3.43503,238769.91628,Limited service
LBY,Libya,total,Drinking water,2019,0.09319,6477.3201,Surface water
LBY,Libya,total,Drinking water,2019,1.48195,103010.80088,Unimproved
LCA,Saint Lucia,total,Drinking water,2019,96.82498,172020.22816,At least basic
LCA,Saint Lucia,total,Drinking water,2019,1.81395,3222.68477,Limited service
LCA,Saint Lucia,total,Drinking water,2019,0.20285,360.3798,Surface water
LCA,Saint Lucia,total,Drinking water,2019,1.15822,2057.70726,Unimproved
LIE,Liechtenstein,total,Drinking water,2019,0,0,Basic service
LIE,Liechtenstein,total,Drinking water,2019,0,0,Limited service
LIE,Liechtenstein,total,Drinking water,2019,0,0,Surface water
LIE,Liechtenstein,total,Drinking water,2019,100,38440,Safely managed service
LIE,Liechtenstein,total,Drinking water,2019,0,0,Unimproved
LKA,Sri Lanka,total,Drinking water,2019,41.13109,9217703.92196,Basic service
LKA,Sri Lanka,total,Drinking water,2019,1.37293,307681.43056,Limited service
LKA,Sri Lanka,total,Drinking water,2019,2.20404,493936.42415,Surface water
LKA,Sri Lanka,total,Drinking water,2019,47.87638,10729361.45001,Safely managed service
LKA,Sri Lanka,total,Drinking water,2019,7.41556,1661868.67963,Unimproved
LSO,Lesotho,total,Drinking water,2019,48.52126,1072031.21349,Basic service
LSO,Lesotho,total,Drinking water,2019,10.01604,221294.86556,Limited service
LSO,Lesotho,total,Drinking water,2019,3.23654,71508.33719,Surface water
LSO,Lesotho,total,Drinking water,2019,26.61643,588064.71812,Safely managed service
LSO,Lesotho,total,Drinking water,2019,11.60973,256505.84625,Unimproved
LTU,Lithuania,total,Drinking water,2019,3.15141,88083.87347,Basic service
LTU,Lithuania,total,Drinking water,2019,0,0,Limited service
LTU,Lithuania,total,Drinking water,2019,0,0,Surface water
LTU,Lithuania,total,Drinking water,2019,95.3858,2666088.30275,Safely managed service
LTU,Lithuania,total,Drinking water,2019,1.46279,40885.82416,Unimproved
LUX,Luxembourg,total,Drinking water,2019,0.36676,2274.50714,Basic service
LUX,Luxembourg,total,Drinking water,2019,0,0,Limited service
LUX,Luxembourg,total,Drinking water,2019,0,0,Surface water
LUX,Luxembourg,total,Drinking water,2019,99.63324,617888.49279,Safely managed service
LUX,Luxembourg,total,Drinking water,2019,0,0,Unimproved
LVA,Latvia,total,Drinking water,2019,2.47461,47370.47689,Basic service
LVA,Latvia,total,Drinking water,2019,0.68118,13039.61769,Limited service
LVA,Latvia,total,Drinking water,2019,0,0,Surface water
LVA,Latvia,total,Drinking water,2019,96.12012,1839991.88052,Safely managed service
LVA,Latvia,total,Drinking water,2019,0.72409,13861.02345,Unimproved
MAC,"China, Macao SAR",total,Drinking water,2019,0,0,Basic service
MAC,"China, Macao SAR",total,Drinking water,2019,0,0,Limited service
MAC,"China, Macao SAR",total,Drinking water,2019,0,0,Surface water
MAC,"China, Macao SAR",total,Drinking water,2019,100,670974,Safely managed service
MAC,"China, Macao SAR",total,Drinking water,2019,0,0,Unimproved
MAF,Saint Martin (French Part),total,Drinking water,2019,3.29822,1130.20012,Basic service
MAF,Saint Martin (French Part),total,Drinking water,2019,0,0,Limited service
MAF,Saint Martin (French Part),total,Drinking water,2019,0,0,Surface water
MAF,Saint Martin (French Part),total,Drinking water,2019,96.64776,33118.28829,Safely managed service
MAF,Saint Martin (French Part),total,Drinking water,2019,0.05402,18.51159,Unimproved
MAR,Morocco,total,Drinking water,2019,15.67229,5675076.54591,Basic service
MAR,Morocco,total,Drinking water,2019,3.94346,1427960.57248,Limited service
MAR,Morocco,total,Drinking water,2019,0.19276,69800.98634,Surface water
MAR,Morocco,total,Drinking water,2019,71.10181,25746603.63302,Safely managed service
MAR,Morocco,total,Drinking water,2019,9.08968,3291456.34293,Unimproved
MCO,Monaco,total,Drinking water,2019,0,0,Basic service
MCO,Monaco,total,Drinking water,2019,0,0,Limited service
MCO,Monaco,total,Drinking water,2019,0,0,Surface water
MCO,Monaco,total,Drinking water,2019,100,38109,Safely managed service
MCO,Monaco,total,Drinking water,2019,0,0,Unimproved
MDA,Republic of Moldova,total,Drinking water,2019,16.52015,514199.88731,Basic service
MDA,Republic of Moldova,total,Drinking water,2019,1.51975,47303.0378,Limited service
MDA,Republic of Moldova,total,Drinking water,2019,0,0,Surface water
MDA,Republic of Moldova,total,Drinking water,2019,74.02817,2304172.66887,Safely managed service
MDA,Republic of Moldova,total,Drinking water,2019,7.93194,246886.42353,Unimproved
MDG,Madagascar,total,Drinking water,2019,32.26173,9104117.44995,Basic service
MDG,Madagascar,total,Drinking water,2019,4.27119,1205311.35542,Limited service
MDG,Madagascar,total,Drinking water,2019,14.83411,4186119.94642,Surface water
MDG,Madagascar,total,Drinking water,2019,19.16252,5407578.22878,Safely managed service
MDG,Madagascar,total,Drinking water,2019,29.47044,8316427.00878,Unimproved
MDV,Maldives,total,Drinking water,2019,99.62315,485892.9791,At least basic
MDV,Maldives,total,Drinking water,2019,0.0484,236.06059,Limited service
MDV,Maldives,total,Drinking water,2019,0,0,Surface water
MDV,Maldives,total,Drinking water,2019,0.32845,1601.9603,Unimproved
MEX,Mexico,total,Drinking water,2019,55.9655,70383881.53769,Basic service
MEX,Mexico,total,Drinking water,2019,0,0,Limited service
MEX,Mexico,total,Drinking water,2019,0.16636,209215.60595,Surface water
MEX,Mexico,total,Drinking water,2019,42.50394,53454216.71429,Safely managed service
MEX,Mexico,total,Drinking water,2019,1.36421,1715669.37184,Unimproved
MHL,Marshall Islands,total,Drinking water,2019,87.68926,38589.41244,At least basic
MHL,Marshall Islands,total,Drinking water,2019,11.23068,4942.28655,Limited service
MHL,Marshall Islands,total,Drinking water,2019,0,0,Surface water
MHL,Marshall Islands,total,Drinking water,2019,1.08006,475.30101,Unimproved
MKD,North Macedonia,total,Drinking water,2019,17.42639,330690.31566,Basic service
MKD,North Macedonia,total,Drinking water,2019,1.6911,32090.96973,Limited service
MKD,North Macedonia,total,Drinking water,2019,0.04828,916.14538,Surface water
MKD,North Macedonia,total,Drinking water,2019,80.54299,1528416.80015,Safely managed service
MKD,North Macedonia,total,Drinking water,2019,0.29124,5526.77755,Unimproved
MLI,Mali,total,Drinking water,2019,79.38758,16725696.37893,At least basic
MLI,Mali,total,Drinking water,2019,4.73675,997958.21604,Limited service
MLI,Mali,total,Drinking water,2019,1.10324,232434.32212,Surface water
MLI,Mali,total,Drinking water,2019,14.77243,3112316.08291,Unimproved
MLT,Malta,total,Drinking water,2019,0.11801,594.80316,Basic service
MLT,Malta,total,Drinking water,2019,0,0,Limited service
MLT,Malta,total,Drinking water,2019,0,0,Surface water
MLT,Malta,total,Drinking water,2019,99.88199,503420.19683,Safely managed service
MLT,Malta,total,Drinking water,2019,0,0,Unimproved
MMR,Myanmar,total,Drinking water,2019,24.07082,12671050.19244,Basic service
MMR,Myanmar,total,Drinking water,2019,2.67467,1407963.53348,Limited service
MMR,Myanmar,total,Drinking water,2019,9.92443,5224291.63482,Surface water
MMR,Myanmar,total,Drinking water,2019,57.57081,30305687.14158,Safely managed service
MMR,Myanmar,total,Drinking water,2019,5.75927,3031720.43058,Unimproved
MNE,Montenegro,total,Drinking water,2019,13.74056,84046.46855,Basic service
MNE,Montenegro,total,Drinking water,2019,0.67129,4106.05797,Limited service
MNE,Montenegro,total,Drinking water,2019,0.01203,73.5974,Surface water
MNE,Montenegro,total,Drinking water,2019,85.34101,522002.81755,Safely managed service
MNE,Montenegro,total,Drinking water,2019,0.23511,1438.05997,Unimproved
MNG,Mongolia,total,Drinking water,2019,44.26427,1430671.37361,Basic service
MNG,Mongolia,total,Drinking water,2019,5.90909,190988.32303,Limited service
MNG,Mongolia,total,Drinking water,2019,6.43928,208124.66874,Surface water
MNG,Mongolia,total,Drinking water,2019,37.96894,1227199.20135,Safely managed service
MNG,Mongolia,total,Drinking water,2019,5.41842,175129.37473,Unimproved
MNP,Northern Mariana Islands,total,Drinking water,2019,18.54545,8925.74157,Basic service
MNP,Northern Mariana Islands,total,Drinking water,2019,0,0,Limited service
MNP,Northern Mariana Islands,total,Drinking water,2019,0,0,Surface water
MNP,Northern Mariana Islands,total,Drinking water,2019,81.45455,39203.25818,Safely managed service
MNP,Northern Mariana Islands,total,Drinking water,2019,0,0,Unimproved
MOZ,Mozambique,total,Drinking water,2019,34.00275,10161511.13901,Basic service
MOZ,Mozambique,total,Drinking water,2019,9.60567,2870593.94866,Limited service
MOZ,Mozambique,total,Drinking water,2019,10.21093,3051473.44307,Surface water
MOZ,Mozambique,total,Drinking water,2019,22.25602,6651073.64183,Safely managed service
MOZ,Mozambique,total,Drinking water,2019,23.92463,7149727.40316,Unimproved
MRT,Mauritania,total,Drinking water,2019,70.18317,3135579.28081,At least basic
MRT,Mauritania,total,Drinking water,2019,14.36464,641770.13349,Limited service
MRT,Mauritania,total,Drinking water,2019,0.99023,44240.80248,Surface water
MRT,Mauritania,total,Drinking water,2019,14.46195,646117.78322,Unimproved
MSR,Montserrat,total,Drinking water,2019,98.06107,4451.97274,At least basic
MSR,Montserrat,total,Drinking water,2019,0,0,Limited service
MSR,Montserrat,total,Drinking water,2019,0,0,Surface water
MSR,Montserrat,total,Drinking water,2019,1.93893,88.02726,Unimproved
MTQ,Martinique,total,Drinking water,2019,0.62056,2231.60692,Basic service
MTQ,Martinique,total,Drinking water,2019,0,0,Limited service
MTQ,Martinique,total,Drinking water,2019,0,0,Surface water
MTQ,Martinique,total,Drinking water,2019,99.0312,356127.07958,Safely managed service
MTQ,Martinique,total,Drinking water,2019,0.34824,1252.31342,Unimproved
MUS,Mauritius,total,Drinking water,2019,99.8052,1283764.35965,At least basic
MUS,Mauritius,total,Drinking water,2019,0,0,Limited service
MUS,Mauritius,total,Drinking water,2019,0.0227,292.01758,Surface water
MUS,Mauritius,total,Drinking water,2019,0.1721,2213.62277,Unimproved
MWI,Malawi,total,Drinking water,2019,53.27298,10135584.28187,Basic service
MWI,Malawi,total,Drinking water,2019,19.84371,3775414.38817,Limited service
MWI,Malawi,total,Drinking water,2019,2.82351,537193.61917,Surface water
MWI,Malawi,total,Drinking water,2019,15.81779,3009453.97425,Safely managed service
MWI,Malawi,total,Drinking water,2019,8.24202,1568105.7858,Unimproved
MYS,Malaysia,total,Drinking water,2019,3.39893,1136622.15505,Basic service
MYS,Malaysia,total,Drinking water,2019,0.3609,120685.77314,Limited service
MYS,Malaysia,total,Drinking water,2019,94.27375,31525704.01156,Safely managed service
MYS,Malaysia,total,Drinking water,2019,1.96642,657584.0316,Unimproved
MYT,Mayotte,total,Drinking water,2019,2.93338,8064.18399,Basic service
MYT,Mayotte,total,Drinking water,2019,0,0,Limited service
MYT,Mayotte,total,Drinking water,2019,93.4378,256870.78977,Safely managed service
MYT,Mayotte,total,Drinking water,2019,3.62882,9976.02616,Unimproved
NAM,Namibia,total,Drinking water,2019,84.5549,2241122.57509,At least basic
NAM,Namibia,total,Drinking water,2019,7.27937,192939.3785,Limited service
NAM,Namibia,total,Drinking water,2019,3.59043,95164.05954,Surface water
NAM,Namibia,total,Drinking water,2019,4.5753,121267.98687,Unimproved
NCL,New Caledonia,total,Drinking water,2019,2.66085,7546.3385,Basic service
NCL,New Caledonia,total,Drinking water,2019,0,0,Limited service
NCL,New Caledonia,total,Drinking water,2019,0,0,Surface water
NCL,New Caledonia,total,Drinking water,2019,96.41112,273427.70748,Safely managed service
NCL,New Caledonia,total,Drinking water,2019,0.92803,2631.95399,Unimproved
NER,Niger,total,Drinking water,2019,50.04531,11484275.27438,At least basic
NER,Niger,total,Drinking water,2019,14.26446,3273373.67121,Limited service
NER,Niger,total,Drinking water,2019,2.20692,506439.21781,Surface water
NER,Niger,total,Drinking water,2019,33.48331,7683668.8366,Unimproved
NGA,Nigeria,total,Drinking water,2019,47.36893,99231108.35611,Basic service
NGA,Nigeria,total,Drinking water,2019,5.39495,11301650.62116,Limited service
NGA,Nigeria,total,Drinking water,2019,7.21052,15105007.54406,Surface water
NGA,Nigeria,total,Drinking water,2019,27.23039,57043759.04999,Safely managed service
NGA,Nigeria,total,Drinking water,2019,12.7952,26804116.22824,Unimproved
NIU,Niue,total,Drinking water,2019,3.60495,64.63668,Basic service
NIU,Niue,total,Drinking water,2019,0,0,Limited service
NIU,Niue,total,Drinking water,2019,0,0,Surface water
NIU,Niue,total,Drinking water,2019,94.81937,1700.11137,Safely managed service
NIU,Niue,total,Drinking water,2019,1.57568,28.25195,Unimproved
NLD,Netherlands (Kingdom of the),total,Drinking water,2019,0.03261,5719.15337,Basic service
NLD,Netherlands (Kingdom of the),total,Drinking water,2019,0,0,Limited service
NLD,Netherlands (Kingdom of the),total,Drinking water,2019,0,0,Surface water
NLD,Netherlands (Kingdom of the),total,Drinking water,2019,99.96739,17531787.68287,Safely managed service
NLD,Netherlands (Kingdom of the),total,Drinking water,2019,0,0.16406,Unimproved
NOR,Norway,total,Drinking water,2019,0.79763,42654.84444,Basic service
NOR,Norway,total,Drinking water,2019,0,0,Limited service
NOR,Norway,total,Drinking water,2019,0,0,Surface water
NOR,Norway,total,Drinking water,2019,99.20237,5305075.01261,Safely managed service
NOR,Norway,total,Drinking water,2019,0,0.1416,Unimproved
NPL,Nepal,total,Drinking water,2019,71.65957,20361395.73715,Basic service
NPL,Nepal,total,Drinking water,2019,2.95728,840282.64153,Limited service
NPL,Nepal,total,Drinking water,2019,1.14215,324530.31967,Surface water
NPL,Nepal,total,Drinking water,2019,19.29889,5483599.66631,Safely managed service
NPL,Nepal,total,Drinking water,2019,4.94211,1404255.30126,Unimproved
NRU,Nauru,total,Drinking water,2019,79.3288,9191.82764,Basic service
NRU,Nauru,total,Drinking water,2019,0.38962,45.14474,Limited service
NRU,Nauru,total,Drinking water,2019,0,0,Surface water
NRU,Nauru,total,Drinking water,2019,18.66002,2162.13609,Safely managed service
NRU,Nauru,total,Drinking water,2019,1.62157,187.89187,Unimproved
NZL,New Zealand,total,Drinking water,2019,1.87643,93622.57912,Basic service
NZL,New Zealand,total,Drinking water,2019,0,0,Limited service
NZL,New Zealand,total,Drinking water,2019,0,0,Surface water
NZL,New Zealand,total,Drinking water,2019,98.12357,4895780.19186,Safely managed service
NZL,New Zealand,total,Drinking water,2019,0,0.229,Unimproved
OMN,Oman,total,Drinking water,2019,1.6205,74401.10822,Basic service
OMN,Oman,total,Drinking water,2019,7.65792,351593.54756,Limited service
OMN,Oman,total,Drinking water,2019,0.10514,4827.06664,Surface water
OMN,Oman,total,Drinking water,2019,90.26776,4144410.44732,Safely managed service
OMN,Oman,total,Drinking water,2019,0.34868,16008.83114,Unimproved
PAK,Pakistan,total,Drinking water,2019,45.56989,105175704.83928,Basic service
PAK,Pakistan,total,Drinking water,2019,4.2177,9734500.24644,Limited service
PAK,Pakistan,total,Drinking water,2019,1.62847,3758518.9419,Surface water
PAK,Pakistan,total,Drinking water,2019,44.65689,103068505.25183,Safely managed service
PAK,Pakistan,total,Drinking water,2019,3.92705,9063673.52166,Unimproved
PAN,Panama,total,Drinking water,2019,94.13897,3986503.111,At least basic
PAN,Panama,total,Drinking water,2019,1.84876,78289.46213,Limited service
PAN,Panama,total,Drinking water,2019,1.5804,66925.38334,Surface water
PAN,Panama,total,Drinking water,2019,2.43186,102982.04353,Unimproved
PER,Peru,total,Drinking water,2019,41.74823,13547009.6435,Basic service
PER,Peru,total,Drinking water,2019,0.69287,224830.76426,Limited service
PER,Peru,total,Drinking water,2019,2.09999,681432.24603,Surface water
PER,Peru,total,Drinking water,2019,51.02226,16556368.25403,Safely managed service
PER,Peru,total,Drinking water,2019,4.43665,1439661.7877,Unimproved
PHL,Philippines,total,Drinking water,2019,46.5554,51585568.5563,Basic service
PHL,Philippines,total,Drinking water,2019,2.90225,3215825.47159,Limited service
PHL,Philippines,total,Drinking water,2019,0.14809,164094.52367,Surface water
PHL,Philippines,total,Drinking water,2019,47.32324,52436361.91636,Safely managed service
PHL,Philippines,total,Drinking water,2019,3.07102,3402830.63422,Unimproved
PLW,Palau,total,Drinking water,2019,12.80199,2278.49844,Basic service
PLW,Palau,total,Drinking water,2019,0,0,Limited service
PLW,Palau,total,Drinking water,2019,0,0,Surface water
PLW,Palau,total,Drinking water,2019,86.70765,15432.22673,Safely managed service
PLW,Palau,total,Drinking water,2019,0.49036,87.27484,Unimproved
PNG,Papua New Guinea,total,Drinking water,2019,48.28571,4639778.71254,At least basic
PNG,Papua New Guinea,total,Drinking water,2019,4.55514,437703.73998,Limited service
PNG,Papua New Guinea,total,Drinking water,2019,20.17775,1938881.70904,Surface water
PNG,Papua New Guinea,total,Drinking water,2019,26.9814,2592645.83843,Unimproved
POL,Poland,total,Drinking water,2019,1.50236,574291.22089,Basic service
POL,Poland,total,Drinking water,2019,0,0,Limited service
POL,Poland,total,Drinking water,2019,0,0,Surface water
POL,Poland,total,Drinking water,2019,91.28595,34894863.07149,Safely managed service
POL,Poland,total,Drinking water,2019,7.21169,2756730.69995,Unimproved
PRI,Puerto Rico,total,Drinking water,2019,0.14921,4906.02905,Basic service
PRI,Puerto Rico,total,Drinking water,2019,0,0,Limited service
PRI,Puerto Rico,total,Drinking water,2019,0,0,Surface water
PRI,Puerto Rico,total,Drinking water,2019,99.85079,3283121.97078,Safely managed service
PRI,Puerto Rico,total,Drinking water,2019,0,0,Unimproved
PRK,Democratic People's Republic of Korea,total,Drinking water,2019,27.51228,7163545.59713,Basic service
PRK,Democratic People's Republic of Korea,total,Drinking water,2019,0.68184,177534.37346,Limited service
PRK,Democratic People's Republic of Korea,total,Drinking water,2019,0.26506,69015.87109,Surface water
PRK,Democratic People's Republic of Korea,total,Drinking water,2019,66.31141,17265920.9499,Safely managed service
PRK,Democratic People's Republic of Korea,total,Drinking water,2019,5.22941,1361615.29256,Unimproved
PRT,Portugal,total,Drinking water,2019,4.30778,445563.08575,Basic service
PRT,Portugal,total,Drinking water,2019,0,0,Limited service
PRT,Portugal,total,Drinking water,2019,0,0,Surface water
PRT,Portugal,total,Drinking water,2019,94.91181,9816930.68428,Safely managed service
PRT,Portugal,total,Drinking water,2019,0.78041,80719.24874,Unimproved
PRY,Paraguay,total,Drinking water,2019,34.94046,2276391.49636,Basic service
PRY,Paraguay,total,Drinking water,2019,0.39978,26045.62415,Limited service
PRY,Paraguay,total,Drinking water,2019,0,0,Surface water
PRY,Paraguay,total,Drinking water,2019,63.08424,4109975.05973,Safely managed service
PRY,Paraguay,total,Drinking water,2019,1.57552,102645.75262,Unimproved
PSE,State of Palestine,total,Drinking water,2019,18.48546,916466.42361,Basic service
PSE,State of Palestine,total,Drinking water,2019,0.95133,47164.58015,Limited service
PSE,State of Palestine,total,Drinking water,2019,0,0,Surface water
PSE,State of Palestine,total,Drinking water,2019,80.56321,3994136.94955,Safely managed service
PSE,State of Palestine,total,Drinking water,2019,0,0.05566,Unimproved
PYF,French Polynesia,total,Drinking water,2019,9.55128,26651.32402,Basic service
PYF,French Polynesia,total,Drinking water,2019,0,0,Limited service
PYF,French Polynesia,total,Drinking water,2019,0,0,Surface water
PYF,French Polynesia,total,Drinking water,2019,90.44872,252382.67564,Safely managed service
PYF,French Polynesia,total,Drinking water,2019,0,0,Unimproved
QAT,Qatar,total,Drinking water,2019,4.02124,112511.08495,Basic service
QAT,Qatar,total,Drinking water,2019,0,0,Limited service
QAT,Qatar,total,Drinking water,2019,0,0,Surface water
QAT,Qatar,total,Drinking water,2019,95.94929,2684585.45881,Safely managed service
QAT,Qatar,total,Drinking water,2019,0.02947,824.45154,Unimproved
REU,Réunion,total,Drinking water,2019,3.75265,32172.44711,Basic service
REU,Réunion,total,Drinking water,2019,0,0,Limited service
REU,Réunion,total,Drinking water,2019,0,0,Surface water
REU,Réunion,total,Drinking water,2019,96.10576,823940.64908,Safely managed service
REU,Réunion,total,Drinking water,2019,0.14159,1213.90356,Unimproved
ROU,Romania,total,Drinking water,2019,18.0423,3518526.94199,Basic service
ROU,Romania,total,Drinking water,2019,0,0,Limited service
ROU,Romania,total,Drinking water,2019,0,0,Surface water
ROU,Romania,total,Drinking water,2019,81.9577,15983015.07942,Safely managed service
ROU,Romania,total,Drinking water,2019,0,0.00781,Unimproved
RUS,Russian Federation,total,Drinking water,2019,20.82207,30511222.15466,Basic service
RUS,Russian Federation,total,Drinking water,2019,0.61957,907878.86306,Limited service
RUS,Russian Federation,total,Drinking water,2019,75.92538,111255790.6123,Safely managed service
RUS,Russian Federation,total,Drinking water,2019,2.63297,3858174.00247,Unimproved
RWA,Rwanda,total,Drinking water,2019,58.47285,7470552.00466,At least basic
RWA,Rwanda,total,Drinking water,2019,22.05722,2818053.10358,Limited service
RWA,Rwanda,total,Drinking water,2019,8.66952,1107626.52487,Surface water
RWA,Rwanda,total,Drinking water,2019,10.80041,1379871.36689,Unimproved
SAU,Saudi Arabia,total,Drinking water,2019,99.04867,30182914.65306,At least basic
SAU,Saudi Arabia,total,Drinking water,2019,0.67072,204388.28532,Limited service
SAU,Saudi Arabia,total,Drinking water,2019,0.0302,9203.52713,Surface water
SAU,Saudi Arabia,total,Drinking water,2019,0.2504,76304.53449,Unimproved
SDN,Sudan,total,Drinking water,2019,60.12277,27384825.86941,At least basic
SDN,Sudan,total,Drinking water,2019,26.68776,12155786.27927,Limited service
SDN,Sudan,total,Drinking water,2019,5.85198,2665470.21642,Surface water
SDN,Sudan,total,Drinking water,2019,7.33749,3342092.63491,Unimproved
SEN,Senegal,total,Drinking water,2019,56.67927,9268716.46713,Basic service
SEN,Senegal,total,Drinking water,2019,3.49812,572044.09485,Limited service
SEN,Senegal,total,Drinking water,2019,0.28831,47146.7198,Surface water
SEN,Senegal,total,Drinking water,2019,25.64959,4194458.05485,Safely managed service
SEN,Senegal,total,Drinking water,2019,13.88472,2270556.9178,Unimproved
SGP,Singapore,total,Drinking water,2019,0,0,Basic service
SGP,Singapore,total,Drinking water,2019,0,0,Limited service
SGP,Singapore,total,Drinking water,2019,0,0,Surface water
SGP,Singapore,total,Drinking water,2019,100,5669563,Safely managed service
SGP,Singapore,total,Drinking water,2019,0,0,Unimproved
SHN,Saint Helena,total,Drinking water,2019,2.88204,157.30161,Basic service
SHN,Saint Helena,total,Drinking water,2019,0,0,Limited service
SHN,Saint Helena,total,Drinking water,2019,0,0,Surface water
SHN,Saint Helena,total,Drinking water,2019,96.42953,5263.12377,Safely managed service
SHN,Saint Helena,total,Drinking water,2019,0.68843,37.57461,Unimproved
SLB,Solomon Islands,total,Drinking water,2019,71.58489,521243.24903,At least basic
SLB,Solomon Islands,total,Drinking water,2019,6.3027,45892.904,Limited service
SLB,Solomon Islands,total,Drinking water,2019,4.3008,31316.13865,Surface water
SLB,Solomon Islands,total,Drinking water,2019,17.81161,129694.70833,Unimproved
SLE,Sierra Leone,total,Drinking water,2019,52.75082,4078688.37224,Basic service
SLE,Sierra Leone,total,Drinking water,2019,7.44889,575947.24288,Limited service
SLE,Sierra Leone,total,Drinking water,2019,14.26499,1102967.55009,Surface water
SLE,Sierra Leone,total,Drinking water,2019,9.49278,733980.82299,Safely managed service
SLE,Sierra Leone,total,Drinking water,2019,16.04253,1240407.04715,Unimproved
SLV,El Salvador,total,Drinking water,2019,89.35278,5559814.11966,At least basic
SLV,El Salvador,total,Drinking water,2019,8.35915,520132.88726,Limited service
SLV,El Salvador,total,Drinking water,2019,1.96072,122002.2332,Surface water
SLV,El Salvador,total,Drinking water,2019,0.32735,20368.75989,Unimproved
SMR,San Marino,total,Drinking water,2019,0,0,Basic service
SMR,San Marino,total,Drinking water,2019,0,0,Limited service
SMR,San Marino,total,Drinking water,2019,0,0,Surface water
SMR,San Marino,total,Drinking water,2019,100,34652.99875,Safely managed service
SMR,San Marino,total,Drinking water,2019,0,0.00125,Unimproved
SOM,Somalia,total,Drinking water,2019,63.19097,10130126.6779,At least basic
SOM,Somalia,total,Drinking water,2019,11.30444,1812212.27197,Limited service
SOM,Somalia,total,Drinking water,2019,6.45724,1035159.03463,Surface water
SOM,Somalia,total,Drinking water,2019,19.04734,3053473.01551,Unimproved
SPM,Saint Pierre and Miquelon,total,Drinking water,2019,3.00828,176.76656,Basic service
SPM,Saint Pierre and Miquelon,total,Drinking water,2019,0,0,Limited service
SPM,Saint Pierre and Miquelon,total,Drinking water,2019,0,0,Surface water
SPM,Saint Pierre and Miquelon,total,Drinking water,2019,94.2593,5538.67656,Safely managed service
SPM,Saint Pierre and Miquelon,total,Drinking water,2019,2.73242,160.55688,Unimproved
SRB,Serbia,total,Drinking water,2019,19.86649,1383930.04806,Basic service
SRB,Serbia,total,Drinking water,2019,4.61096,321206.52963,Limited service
SRB,Serbia,total,Drinking water,2019,0.01683,1172.56418,Surface water
SRB,Serbia,total,Drinking water,2019,74.82414,5212364.12906,Safely managed service
SRB,Serbia,total,Drinking water,2019,0.68158,47479.69573,Unimproved
SSD,South Sudan,total,Drinking water,2019,39.91362,4160350.27702,At least basic
SSD,South Sudan,total,Drinking water,2019,34.0446,3548599.34816,Limited service
SSD,South Sudan,total,Drinking water,2019,14.30442,1491004.32534,Surface water
SSD,South Sudan,total,Drinking water,2019,11.73736,1223430.04948,Unimproved
STP,Sao Tome and Principe,total,Drinking water,2019,41.42205,88391.33381,Basic service
STP,Sao Tome and Principe,total,Drinking water,2019,19.48307,41575.32255,Limited service
STP,Sao Tome and Principe,total,Drinking water,2019,2.18647,4665.76044,Surface water
STP,Sao Tome and Principe,total,Drinking water,2019,35.14261,74991.52578,Safely managed service
STP,Sao Tome and Principe,total,Drinking water,2019,1.76579,3768.05494,Unimproved
SUR,Suriname,total,Drinking water,2019,42.00752,254468.1294,Basic service
SUR,Suriname,total,Drinking water,2019,1.02981,6238.28598,Limited service
SUR,Suriname,total,Drinking water,2019,0.92435,5599.40999,Surface water
SUR,Suriname,total,Drinking water,2019,55.53425,336408.71335,Safely managed service
SUR,Suriname,total,Drinking water,2019,0.50406,3053.45816,Unimproved
SVK,Slovakia,total,Drinking water,2019,0.50532,27542.87332,Basic service
SVK,Slovakia,total,Drinking water,2019,0.21218,11565.08358,Limited service
SVK,Slovakia,total,Drinking water,2019,0,0,Surface water
SVK,Slovakia,total,Drinking water,2019,99.2825,5411518.02009,Safely managed service
SVK,Slovakia,total,Drinking water,2019,0,0.02344,Unimproved
SVN,Slovenia,total,Drinking water,2019,2.11766,44120.05096,Basic service
SVN,Slovenia,total,Drinking water,2019,0,0,Limited service
SVN,Slovenia,total,Drinking water,2019,0,0,Surface water
SVN,Slovenia,total,Drinking water,2019,97.47688,2030871.24579,Safely managed service
SVN,Slovenia,total,Drinking water,2019,0.40547,8447.70434,Unimproved
SWE,Sweden,total,Drinking water,2019,0.01392,1430.48054,Basic service
SWE,Sweden,total,Drinking water,2019,0,0,Limited service
SWE,Sweden,total,Drinking water,2019,0,0,Surface water
SWE,Sweden,total,Drinking water,2019,99.70368,10248665.94985,Safely managed service
SWE,Sweden,total,Drinking water,2019,0.2824,29028.56962,Unimproved
SWZ,Eswatini,total,Drinking water,2019,37.98388,448161.91357,Basic service
SWZ,Eswatini,total,Drinking water,2019,6.17948,72910.06963,Limited service
SWZ,Eswatini,total,Drinking water,2019,12.45264,146925.44869,Surface water
SWZ,Eswatini,total,Drinking water,2019,36.31935,428522.59537,Safely managed service
SWZ,Eswatini,total,Drinking water,2019,7.06465,83353.98482,Unimproved
SYC,Seychelles,total,Drinking water,2019,32.73216,38509.38466,Basic service
SYC,Seychelles,total,Drinking water,2019,0,0,Limited service
SYC,Seychelles,total,Drinking water,2019,64.12831,75446.95843,Safely managed service
SYC,Seychelles,total,Drinking water,2019,3.13953,3693.65654,Unimproved
SYR,Syrian Arab Republic,total,Drinking water,2019,93.88414,19108740.29468,At least basic
SYR,Syrian Arab Republic,total,Drinking water,2019,5.89191,1199212.3646,Limited service
SYR,Syrian Arab Republic,total,Drinking water,2019,0.00223,453.07015,Surface water
SYR,Syrian Arab Republic,total,Drinking water,2019,0.22172,45128.27057,Unimproved
TCA,Turks and Caicos Islands,total,Drinking water,2019,51.60464,22275.65932,Basic service
TCA,Turks and Caicos Islands,total,Drinking water,2019,1.01305,437.2928,Limited service
TCA,Turks and Caicos Islands,total,Drinking water,2019,0,0,Surface water
TCA,Turks and Caicos Islands,total,Drinking water,2019,47.14765,20351.75617,Safely managed service
TCA,Turks and Caicos Islands,total,Drinking water,2019,0.23466,101.29161,Unimproved
TCD,Chad,total,Drinking water,2019,44.38469,7405685.02923,Basic service
TCD,Chad,total,Drinking water,2019,12.38466,2066408.54367,Limited service
TCD,Chad,total,Drinking water,2019,7.18713,1199189.00381,Surface water
TCD,Chad,total,Drinking water,2019,6.11337,1020029.10545,Safely managed service
TCD,Chad,total,Drinking water,2019,29.93014,4993911.01035,Unimproved
TGO,Togo,total,Drinking water,2019,42.86004,3627274.5477,Basic service
TGO,Togo,total,Drinking water,2019,14.14492,1197094.39898,Limited service
TGO,Togo,total,Drinking water,2019,9.37027,793012.44929,Surface water
TGO,Togo,total,Drinking water,2019,18.71635,1583977.07579,Safely managed service
TGO,Togo,total,Drinking water,2019,14.90842,1261709.56491,Unimproved
THA,Thailand,total,Drinking water,2019,99.42877,71113714.46714,At least basic
THA,Thailand,total,Drinking water,2019,0.27357,195666.97432,Limited service
THA,Thailand,total,Drinking water,2019,0.29765,212888.08979,Surface water
THA,Thailand,total,Drinking water,2019,0,1.46875,Unimproved
TJK,Tajikistan,total,Drinking water,2019,22.88908,2181321.36448,Basic service
TJK,Tajikistan,total,Drinking water,2019,2.70919,258185.32867,Limited service
TJK,Tajikistan,total,Drinking water,2019,9.94655,947903.26829,Surface water
TJK,Tajikistan,total,Drinking water,2019,61.97305,5906010.37552,Safely managed service
TJK,Tajikistan,total,Drinking water,2019,2.48213,236545.71994,Unimproved
TKL,Tokelau,total,Drinking water,2019,99.93326,2012.65585,At least basic
TKL,Tokelau,total,Drinking water,2019,0,0,Limited service
TKL,Tokelau,total,Drinking water,2019,0,0,Surface water
TKL,Tokelau,total,Drinking water,2019,0.06674,1.34415,Unimproved
TKM,Turkmenistan,total,Drinking water,2019,4.92358,334997.96198,Basic service
TKM,Turkmenistan,total,Drinking water,2019,0.20373,13861.99212,Limited service
TKM,Turkmenistan,total,Drinking water,2019,0.54666,37194.43188,Surface water
TKM,Turkmenistan,total,Drinking water,2019,94.05085,6399167.39452,Safely managed service
TKM,Turkmenistan,total,Drinking water,2019,0.27517,18722.21098,Unimproved
TLS,Timor-Leste,total,Drinking water,2019,79.09449,1028975.83885,At least basic
TLS,Timor-Leste,total,Drinking water,2019,4.73209,61561.8795,Limited service
TLS,Timor-Leste,total,Drinking water,2019,5.33541,69410.73101,Surface water
TLS,Timor-Leste,total,Drinking water,2019,10.83801,140996.55064,Unimproved
TON,Tonga,total,Drinking water,2019,69.27215,73199.18621,Basic service
TON,Tonga,total,Drinking water,2019,0.88241,932.429,Limited service
TON,Tonga,total,Drinking water,2019,0,0,Surface water
TON,Tonga,total,Drinking water,2019,29.50268,31175.19082,Safely managed service
TON,Tonga,total,Drinking water,2019,0.34276,362.19197,Unimproved
TTO,Trinidad and Tobago,total,Drinking water,2019,29.30411,435134.99313,Basic service
TTO,Trinidad and Tobago,total,Drinking water,2019,0.85084,12634.05709,Limited service
TTO,Trinidad and Tobago,total,Drinking water,2019,0.06306,936.38644,Surface water
TTO,Trinidad and Tobago,total,Drinking water,2019,69.29835,1029007.03499,Safely managed service
TTO,Trinidad and Tobago,total,Drinking water,2019,0.48364,7181.51994,Unimproved
TUN,Tunisia,total,Drinking water,2019,22.84736,2713142.12592,Basic service
TUN,Tunisia,total,Drinking water,2019,2.88857,343020.1482,Limited service
TUN,Tunisia,total,Drinking water,2019,0.14035,16666.2075,Surface water
TUN,Tunisia,total,Drinking water,2019,71.85744,8533128.8859,Safely managed service
TUN,Tunisia,total,Drinking water,2019,2.26629,269123.58574,Unimproved
TUR,Türkiye,total,Drinking water,2019,95.8082,81779649.05883,At least basic
TUR,Türkiye,total,Drinking water,2019,3.05837,2610550.21726,Limited service
TUR,Türkiye,total,Drinking water,2019,0.21151,180542.35458,Surface water
TUR,Türkiye,total,Drinking water,2019,0.92192,786930.36932,Unimproved
TUV,Tuvalu,total,Drinking water,2019,90.29002,9553.58742,Basic service
TUV,Tuvalu,total,Drinking water,2019,0.38479,40.71504,Limited service
TUV,Tuvalu,total,Drinking water,2019,0,0,Surface water
TUV,Tuvalu,total,Drinking water,2019,8.54334,903.97133,Safely managed service
TUV,Tuvalu,total,Drinking water,2019,0.78184,82.72602,Unimproved
TZA,United Republic of Tanzania,total,Drinking water,2019,29.71545,17584083.06007,Basic service
TZA,United Republic of Tanzania,total,Drinking water,2019,12.36889,7319279.41075,Limited service
TZA,United Republic of Tanzania,total,Drinking water,2019,12.09958,7159911.09326,Surface water
TZA,United Republic of Tanzania,total,Drinking water,2019,27.1633,16073853.6504,Safely managed service
TZA,United Republic of Tanzania,total,Drinking water,2019,18.65278,11037764.08336,Unimproved
UGA,Uganda,total,Drinking water,2019,39.41109,16946627.6439,Basic service
UGA,Uganda,total,Drinking water,2019,26.77665,11513863.86063,Limited service
UGA,Uganda,total,Drinking water,2019,5.75929,2476473.07312,Surface water
UGA,Uganda,total,Drinking water,2019,15.20377,6537566.54095,Safely managed service
UGA,Uganda,total,Drinking water,2019,12.84919,5525105.80924,Unimproved
UKR,Ukraine,total,Drinking water,2019,5.16691,2322912.32775,Basic service
UKR,Ukraine,total,Drinking water,2019,5.64249,2536720.01581,Limited service
UKR,Ukraine,total,Drinking water,2019,0.44575,200399.71498,Surface water
UKR,Ukraine,total,Drinking water,2019,88.2768,39687006.97843,Safely managed service
UKR,Ukraine,total,Drinking water,2019,0.46804,210418.9472,Unimproved
URY,Uruguay,total,Drinking water,2019,99.55455,3382073.02989,At least basic
URY,Uruguay,total,Drinking water,2019,0.44546,15133.07057,Limited service
URY,Uruguay,total,Drinking water,2019,0,0,Surface water
URY,Uruguay,total,Drinking water,2019,0,0,Unimproved
USA,United States of America,total,Drinking water,2019,2.7353,9239575.14055,Basic service
USA,United States of America,total,Drinking water,2019,0,0,Limited service
USA,United States of America,total,Drinking water,2019,0,0,Surface water
USA,United States of America,total,Drinking water,2019,97.00933,327687882.93971,Safely managed service
USA,United States of America,total,Drinking water,2019,0.25537,862608.82829,Unimproved
UZB,Uzbekistan,total,Drinking water,2019,18.85288,6214795.67943,Basic service
UZB,Uzbekistan,total,Drinking water,2019,2.34456,772878.73665,Limited service
UZB,Uzbekistan,total,Drinking water,2019,1.90812,629005.86711,Surface water
UZB,Uzbekistan,total,Drinking water,2019,76.77456,25308503.60253,Safely managed service
UZB,Uzbekistan,total,Drinking water,2019,0.11988,39517.11683,Unimproved
VEN,Venezuela (Bolivarian Republic of),total,Drinking water,2019,93.8629,27162136.70548,At least basic
VEN,Venezuela (Bolivarian Republic of),total,Drinking water,2019,0.47167,136493.14927,Limited service
VEN,Venezuela (Bolivarian Republic of),total,Drinking water,2019,5.66543,1639468.14524,Unimproved
VGB,British Virgin Islands,total,Drinking water,2019,99.86438,36345.6424,At least basic
VGB,British Virgin Islands,total,Drinking water,2019,0,0,Limited service
VGB,British Virgin Islands,total,Drinking water,2019,0,0,Surface water
VGB,British Virgin Islands,total,Drinking water,2019,0.13562,49.3576,Unimproved
VIR,United States Virgin Islands,total,Drinking water,2019,0.78715,703.49981,Basic service
VIR,United States Virgin Islands,total,Drinking water,2019,0,0,Limited service
VIR,United States Virgin Islands,total,Drinking water,2019,0,0,Surface water
VIR,United States Virgin Islands,total,Drinking water,2019,98.54649,88073.9564,Safely managed service
VIR,United States Virgin Islands,total,Drinking water,2019,0.66636,595.54381,Unimproved
VNM,Viet Nam,total,Drinking water,2019,39.62688,38506936.23449,Basic service
VNM,Viet Nam,total,Drinking water,2019,0.01621,15748.11236,Limited service
VNM,Viet Nam,total,Drinking water,2019,0.0205,19924.72298,Surface water
VNM,Viet Nam,total,Drinking water,2019,56.00737,54424480.74316,Safely managed service
VNM,Viet Nam,total,Drinking water,2019,4.32903,4206685.76846,Unimproved
VUT,Vanuatu,total,Drinking water,2019,67.96484,198447.12675,Basic service
VUT,Vanuatu,total,Drinking water,2019,2.37497,6934.55531,Limited service
VUT,Vanuatu,total,Drinking water,2019,5.25746,15350.98852,Surface water
VUT,Vanuatu,total,Drinking water,2019,18.83254,54988.20343,Safely managed service
VUT,Vanuatu,total,Drinking water,2019,5.57019,16264.12133,Unimproved
WLF,Wallis and Futuna Islands,total,Drinking water,2019,30.39923,3552.45413,Basic service
WLF,Wallis and Futuna Islands,total,Drinking water,2019,0,0,Limited service
WLF,Wallis and Futuna Islands,total,Drinking water,2019,0,0,Surface water
WLF,Wallis and Futuna Islands,total,Drinking water,2019,68.93249,8055.45071,Safely managed service
WLF,Wallis and Futuna Islands,total,Drinking water,2019,0.66828,78.0951,Unimproved
WSM,Samoa,total,Drinking water,2019,33.46478,70202.40517,Basic service
WSM,Samoa,total,Drinking water,2019,2.92614,6138.45747,Limited service
WSM,Samoa,total,Drinking water,2019,0.22763,477.52877,Surface water
WSM,Samoa,total,Drinking water,2019,62.00892,130082.3167,Safely managed service
WSM,Samoa,total,Drinking water,2019,1.37253,2879.29009,Unimproved
YEM,Yemen,total,Drinking water,2019,66.54664,23365460.96727,At least basic
YEM,Yemen,total,Drinking water,2019,18.19347,6387984.12847,Limited service
YEM,Yemen,total,Drinking water,2019,2.82569,992140.19235,Surface water
YEM,Yemen,total,Drinking water,2019,12.4342,4365822.71191,Unimproved
ZAF,South Africa,total,Drinking water,2019,21.66262,12908298.55455,Basic service
ZAF,South Africa,total,Drinking water,2019,4.58583,2732598.48713,Limited service
ZAF,South Africa,total,Drinking water,2019,2.36341,1408307.40839,Surface water
ZAF,South Africa,total,Drinking water,2019,69.72978,41550499.3242,Safely managed service
ZAF,South Africa,total,Drinking water,2019,1.65836,988181.15442,Unimproved
ZMB,Zambia,total,Drinking water,2019,68.07889,12604015.20052,At least basic
ZMB,Zambia,total,Drinking water,2019,6.52696,1208390.10599,Limited service
ZMB,Zambia,total,Drinking water,2019,8.00196,1481470.37492,Surface water
ZMB,Zambia,total,Drinking water,2019,17.3922,3219963.31857,Unimproved
ZWE,Zimbabwe,total,Drinking water,2019,40.79021,6229222.60506,Basic service
ZWE,Zimbabwe,total,Drinking water,2019,12.96465,1979879.12759,Limited service
ZWE,Zimbabwe,total,Drinking water,2019,6.98391,1066538.79095,Surface water
ZWE,Zimbabwe,total,Drinking water,2019,26.38939,4030020.30172,Safely managed service
ZWE,Zimbabwe,total,Drinking water,2019,12.87185,1965707.26715,Unimproved
